<q.<player uid[eq]"#player" x[eq]"-170^*59^A0^B0^C100^D100^q0^r1^F1^E-1^k0^l-1" psi1_color[eq]"#FFFFFF" psi2_color[eq]"#FFFFFF" /><enemy uid[eq]"#actor*0" x[eq]"-358^*1099^A0^B0^C350^D350^q1^r-1^F2^E-1^k1^l-1" /><barrel uid[eq]"#barrel^jbar_blue" x[eq]"-126^-80^A0^B0" /><barrel uid[eq]"#barrel^jbar_blue" x[eq]"-81^-80^A0^B0" /><barrel uid[eq]"#barrel^jbar_blue" x[eq]"-135^-80^A0^B0" /><barrel uid[eq]"#barrel^jbar_blue" x[eq]"-150^-80^A0^B0" /><barrel uid[eq]"#barrel^jbar_blue" x[eq]"-75^-80^A0^B0" /><pushf uid[eq]"#pushf" x[eq]"30^*19^.39^,290^A0^B-1^Y0^g0" /><pushf uid[eq]"#pushf" x[eq]"^*152^.90^,920^A-1^B0^Y100^g0" /><pushf uid[eq]"#pushf" x[eq]"-260^*152^.70^,920^A1^B0^Y100^g0" /><bg uid[eq]"#background" x[eq]"-203^*50^.403^,1030^T2" /><bg uid[eq]"#background" x[eq]"47^*40^.6^,200^T4^3-178^!0^.142^,600^T3^310^!0^.190^,600^T3^3-49^!9^.72^,510^T3^3-260^*60^.88^,1300^T3^3-177^*6^.17^,210^T3^3-160^*25^.20^,50^T3^3-120^*13^.24^,110^T3^3-80^*24^.20^,40^T3^3-40^*20^.20^,200^T3^3^*15^.20^,50^T3^340^*20^.20^,420^T3^380^*60^.120^,400^T3^3-144^*9^.32^,60^T3^3-69^*2^.19^,220^T3^3-10^*60^.98^,200^T3^3^*50^.20^,200^T3^3-110^*20^.20^,150^T3^3-140^*60^.100^,200^T3^380^-6^.7^,70^T3^399^*2^.101^,220^T3^3-132^*45^.13^,150^T3" /><door uid[eq]"#door" x[eq]"-355^*125^.8^,20^(I" attach[eq]"-1" /><door uid[eq]"#door" x[eq]"-371^*126^.8^,20^(I" attach[eq]"-1" /><door uid[eq]"#door" x[eq]"-368^*131^.19^,11^(I" attach[eq]"-1" /><door uid[eq]"#door" x[eq]"-368^*110^.19^,11^(I" attach[eq]"-1" /><door uid[eq]"#TheWall" x[eq]"-230^*60^.58^,70^(I" attach[eq]"-1" /><decor uid[eq]"#decor^jantigravity" x[eq]"35^!00^U-1^O0^P0" /><decor uid[eq]"#decor^jantigravity" x[eq]"65^!00^U-1^O0^P0" /><gun uid[eq]"#gun" x[eq]"-358^*1130^ibfg^s1^M0" /><lamp uid[eq]"#light" x[eq]"-70^*100^u0.4^t1" /><lamp uid[eq]"#light" x[eq]"-170^*800^u1^t0" /><lamp uid[eq]"#light" x[eq]"-156^*800^u1^t0" /><lamp uid[eq]"#light" x[eq]"-140^*800^u1^t0" /><lamp uid[eq]"#light" x[eq]"-25^*800^u1^t0" /><lamp uid[eq]"#light" x[eq]"-39^*800^u1^t0" /><lamp uid[eq]"#light" x[eq]"-11^*800^u1^t0" /><lamp uid[eq]"#light" x[eq]"35^-90^u0.4^t0" /><lamp uid[eq]"#light" x[eq]"65^-90^u0.4^t0" /><region uid[eq]"#region*0" x[eq]"-168^*41^.8^,360^K#trigger*0^J6" /><region uid[eq]"#region*1" x[eq]"-68^*6^.18^,40^K-1^J4" /><region uid[eq]"#region*2" x[eq]"-39^*24^.18^,40^K-1^J4" /><region uid[eq]"#region*3" x[eq]"-20^!5^.18^,40^K-1^J4" /><region uid[eq]"#region*4" x[eq]"1^*19^.18^,40^K-1^J4" /><region uid[eq]"#region*5" x[eq]"115^*23^.38^,260^K#trigger*2^J6" /><trigger uid[eq]"#trigger*0" x[eq]"-166^*430" enabled[eq]"^?^G1" a1[eq]"25|#timer*0|0" a2[eq]"-1|0|0" a3[eq]"-1|0|0" a4[eq]"-1|0|0" a5[eq]"-1|0|0" a6[eq]"-1|0|0" a7[eq]"-1|0|0" a8[eq]"-1|0|0" a9[eq]"-1|0|0" a10[eq]"-1|0|0" /><trigger uid[eq]"#trigger*1" x[eq]"-8^-20" enabled[eq]"^?^G-1" a1[eq]"28|#actor*0|#region*1" a2[eq]"28|#actor*0|#region*3" a3[eq]"28|#actor*0|#region*2" a4[eq]"28|#actor*0|#region*4" a5[eq]"-1|Cloned.|4" a6[eq]"-1|0|0" a7[eq]"-1|0|0" a8[eq]"-1|0|0" a9[eq]"-1|0|0" a10[eq]"-1|0|0" /><trigger uid[eq]"#trigger*2" x[eq]"133^*290" enabled[eq]"^?^G1" a1[eq]"7|1|c17a" a2[eq]"-1|0|0" a3[eq]"-1|0|0" a4[eq]"-1|0|0" a5[eq]"-1|0|0" a6[eq]"-1|0|0" a7[eq]"-1|0|0" a8[eq]"-1|0|0" a9[eq]"-1|0|0" a10[eq]"-1|0|0" /><timer uid[eq]"#timer*0" x[eq]"-8^*20" enabled[eq]"^<^G3^X#trigger*1^W50" /><inf x[eq]"-170^*80^Zhero1_guns^;0" /><inf x[eq]"-170^*120^Zlevel_errors^;0" /><lua uid[eq]"#lua*1" x[eq]"-174^*520" src[eq]"exec(597, '#isHell', '');  isHell [eq] _getLevelVar('#isHell'); if isHell [eq][eq] '1' then local movable [eq] getMovableFromUID('#TheWall'); movable.color [eq] '#880000'; movable:move(720, movable.y); end" start[eq]"^?" />