<q.^f35^*179^A0^B2^C800^D800^q0^r1^F1^E-1^k0^l-1^3-10^-5^.79^,1360^T0"^c64^*26^.416^,146^_60^-2^.20^,38^_60^*34^.20^,18^_70^-6^.50^,13^_69^*37^.146^,14^_78^*80^.147^,480^T0^192^-61" uid="#player^A0^B0^C70^D70^q1^r-1^F2^E-1^k0^l-1^1105^!" uid="#player^A0^B0^C70^D70^q1^r-1^F2^E-1^k0^l-1^3100^-^.8^,10^_116^*31^.21^,17^_116^*3^.21^,120^T0^267^*17^.9^,200" uid="#doori^x^y0^z0^h4^I"^e58^*17^.7^,250" uid="#region_193^K1^J2"^e67^!^.9^,200" uid="#region_195^K-1^J4^3181^*27^.34^,18^_135^-24^.33^,29^_133^-^.7^,6^_204^*53^.21^,136^_181^-4^.24^,6^_180^-2^.3^,8^_150^*14^.4^,20^_194^-24^.11^,6^_193^-22^.3^,80^T0^1186^-41" uid="#player^A0^B0^C70^D70^q1^r-1^F2^E-1^k2^l-1^4186^!0" uid="#gun_183^ia^#^s-1^L1137^-241" uid="#player^A0^B0^C70^D70^q1^r1^F2^E-1^k3^l-1^1169^-241" uid="#player^A0^B0^C140^D140^q1^r-1^F6^E-1^k3^l-1^4137^-210" uid="#gun_183^ia^#^s-1^L3153^!^.9^,50^T0^1158^!1" uid="#player^A0^B0^C70^D70^q1^r-1^F2^E-1^k2^l-1^4158^*20" uid="#gun_183^ia^#^s-1^L3194^-44^.11^,6^_116^-6^.10^,7^_110^-33^.30^,70^T0"^d97^*22^~d160^*22^~d179^-6^~d192^-26^~d95^-200^u0.4^t1^3120^-50^.10^,7^_103^-50^.7^,7^_60^-50^.30^,25^_60^-70^.108^,500^T0^4169^-210" uid="#gun_183^ia^#2^s-1^L3143^!8^.5^,9^_166^-64^.4^,47^_166^-24^.4^,370^T0^1160^-691" uid="#player^A0^B0^C70^D70^q1^r1^F2^E-1^k3^l-1^4160^-660" uid="#gun_183^ia^#^s-1^M0"^d192^-450^u0.4^t1^3193^-41^.3^,9^_194^-64^.16^,16^_193^-62^.3^,180^T0"^d192^-660^u0.4^t1^1199^-641" uid="#player^A0^B0^C70^D70^q1^r-1^F2^E-1^k2^l-1^4199^-610" uid="#gun_183^ia^#^s-1^L2172^-25^.19^,50" uid="#door2^x^y0^z0^h2^I"^e172^-95^.19^,50" uid="#regionT^K-1^J4^7^G1" a1="0|1|2" a2="28|13|4" a3="28|13|5" a4="28|14|6" a5="43|0|0" a6="-1|0|0" a7="-1|0|0" a8="-1|0|0" a9="-1|0|0" a10="-1|0|0"^e143^-59^.12^,110" uid="#region_334^K0^J1" /><barrel x="153^*160" uid="#barrel^jbar_orange^A0^B0" /><barrel x="154^-220" uid="#barrel^jbar_orange^A0^B0" /><barrel x="150^-220" uid="#barrel^jbar_orange^A0^B0" /><barrel x="127^-480" uid="#barrel^jbar_orange^A0^B0" /><barrel x="131^-680" uid="#barrel^jbar_orange^A0^B0" /><barrel x="135^-680" uid="#barrel^jbar_orange^A0^B0" /><barrel x="95^-680" uid="#barrel^jbar_orange^A0^B0" /><barrel x="83^-480" uid="#barrel^jbar_orange^A0^B0" /><barrel x="203^-620" uid="#barrel^jbar_orange^A0^B0" /><barrel x="173^-230" uid="#barrel^jbar_orange^A0^B0^354^!01^.143^,40^_191^-95^.45^,46^_240^-60^.40^,60^_220^*58^.50^,98^_315^*80^.95^,110^_310^-52^.10^,28^_270^-90^.140^,40^_340^-60^.70^,40^_369^*40^.111^,80^_372^-58^.30^,16^_376^-56^.30^,16^_380^-54^.30^,16^_384^-52^.96^,680^T0^+280^-62^.30^,280" uid="#water^g0^+310^-80^.10^,100" uid="#water^g0^+320^-62^.20^,280" uid="#water^g0^1349^-601" uid="#player^A0^B0^C70^D70^q1^r1^F2^E-1^k0^l-1^4349^-570" uid="#gun_183^ia^#^s-1^L1283^-351" uid="#player^A0^B0^C70^D70^q1^r1^F2^E-1^k0^l-1^4283^-320" uid="#gun_183^ia^#^s-1^L1254^-601" uid="#player^A0^B0^C70^D70^q1^r1^F2^E-1^k0^l-1^4254^-570" uid="#gun_183^ia^#^s-1^M0"^d245^-41^~d266^-41^~d290^-89^~d330^-89^~d380^-410^u0.4^t1^3131^-28^.6^,70^T0^1108^-501" uid="#player^A0^B0^C70^D70^q1^r-1^F2^E-1^k3^l-1^4108^-470" uid="#gun_183^ia^#^s-1^L492^-30" uid="#gun_183^ia^/^s-1^L4105^*30" uid="#gun_183^ia^/^s-1^L3210^*80^.60^,50^T0^1235^*579" uid="#player_305^A0^B0^C70^D70^q1^r-1^F2^E-1^k0^l-1^4236^*610" uid="#gun_183^ia^#^s-1^M0"^e175^-23^.5^,20" uid="#region_307^K-1^J4"^e183^-23^.6^,20" uid="#region_308^K-1^J4^1249^*579" uid="#player_305B^A0^B0^C70^D70^q1^r1^F2^E-1^k0^l-1^4250^*610" uid="#gun_183^ia^#^s-1^M0"^e122^-43^.6^,50" uid="#region_311^K-1^J4^3267^-35^.17^,60^T0^174^-501" uid="#player^A0^B0^C140^D140^q1^r1^F6^E-1^k0^l-1^475^-470" uid="#gun_183^ia^#2^s-1^M0" /><inf x="35^*210" uid="#engine_mark^Zhero1_guns^;0^3-60^*40^.91^,1810^T1^531^*70^.29^,400" uid="#pusher^A0^B2^Y100^g0^5-60^*70^.91^,300" uid="#pusher_408^A2^B0^Y100^g0^560^*70^.18^,360" uid="#pusher_408^A-2^B0^Y100^g0"^d36^*450^u1^t0^7^G1" a1="0|0|1" a2="-1|0|0" a3="-1|0|0" a4="-1|0|0" a5="-1|0|0" a6="-1|0|0" a7="-1|0|0" a8="-1|0|0" a9="-1|0|0" a10="-1|0|0^1277^-601" uid="#player^A0^B0^C140^D140^q1^r-1^F6^E-1^k0^l-1^4278^-570" uid="#gun_183^ia^#2^s-1^M0"^e387^-39^.63^,160" uid="#region_462^K2^J6^7^G1" a1="7|1|c2a" a2="-1|0|0" a3="-1|0|0" a4="-1|0|0" a5="-1|0|0" a6="-1|0|0" a7="-1|0|0" a8="-1|0|0" a9="-1|0|0" a10="-1|0|0^2400^-39^.3^,140" uid="#door^x^y0^z0^h1^I^383^-60^.11^,15^_77^-33^.6^,7^_100^-47^.5^,10^_191^-76^.4^,40^T0"^c69^*16^.5^,180^T4"^c174^-27^.1^,710^T4"^c188^-27^.1^,710^T4^3260^*80^.70^,100^_286^!1^.14^,190^T0^1275^-351" uid="#player^A0^B0^C70^D70^q1^r1^F2^E-1^k0^l-1^4275^-320" uid="#gun_183^ia^#^s-1^L3310^!^.10^,370^T0" /><barrel x="272^-330" uid="#barrel^jbar_orange^A0^B0"^e206^-78^.40^,210" uid="#region_277^K3^J6^7^G-1" a1="43|Run, then only hold your jump key on walls to perform wall jumps.|0" a2="-1|0|0" a3="-1|0|0" a4="-1|0|0" a5="-1|0|0" a6="-1|0|0" a7="-1|0|0" a8="-1|0|0" a9="-1|0|0" a10="-1|0|0"^e137^-52^.13^,200" uid="#region_2863^K4^J6^7^G1" a1="43|Press the E key to activate panel boards.|0" a2="-1|0|0" a3="-1|0|0" a4="-1|0|0" a5="-1|0|0" a6="-1|0|0" a7="-1|0|0" a8="-1|0|0" a9="-1|0|0" a10="-1|0|0"^e217^-37^.30^,260" uid="#region_278^K5^J6^7^G-1" a1="43|0|0" a2="-1|0|0" a3="-1|0|0" a4="-1|0|0" a5="-1|0|0" a6="-1|0|0" a7="-1|0|0" a8="-1|0|0" a9="-1|0|0" a10="-1|0|0"^d149^-640^u0.4^t0^3168^-48^.4^,4^_166^-95^.6^,9^_230^-99^.70^,42^_180^*27^.3^,210^T0^6315^-520" uid="#decor^jray_floor^U-1^O0^P0^6315^-380" uid="#decor^jray_ceil^U-1^O0^P0^5314^-35^.2^,190" uid="#pusher_613^A0^B0^Y0^g-1000"^d315^-390^u0.2^t0"^d315^-510^u0.2^t0^4202^-30" uid="#gun_156^jitem_grenade^s-1^L4197^-30" uid="#gun_156^jitem_grenade^s-1^M0" />