<q.^f60^-341^A0^B-10^C100^D100^q0^r1^F3^E-1^k0^l-1"^c-138^*90^.344^,140^_-21^-^.71^,90^_70^-^.180^,90^_20^*4^.20^,14^_85^*4^.15^,14^_20^*34^.20^,14^_80^*34^.20^,14^_10^*40^.47^,16^_63^*40^.47^,16^_50^*45^.20^,130^T0"^d41^*230^u0.4^t1^553^-7^.14^,830^A0^B-1^Y0^g0" /><inf x="60^-320^Zhero2_guns^;0"^d41^*1^~d79^*1^~d79^*23^~d60^*31^~e45^*17^.30^,150^K0^J6^7^G1" a1="0|0|1" a2="-1|0|0" a3="-1|0|0" a4="-1|0|0" a5="-1|0|0" a6="-1|0|0" a7="-1|0|0" a8="-1|0|0" a9="-1|0|0" a10="-1|0|0^270^!^.20^,60^x^y0^z0^h10^I"^e50^!^.20^,60^K-1^J4^164^-591^A0^B-10^C0^D0^q1^r1^F2^E-1^k0^l-1^3170^*46^.80^,86^_-200^-30^.200^,60^_-200^-^.120^,50^_-200^*40^.90^,450^T0^+-80^!0^.59^,200^g1000^3-30^*40^.20^,16^_-79^*35^.95^,9^_-98^*32^.23^,4^_-135^*110^.85^,50^_-60^*110^.140^,40^_-200^*110^.80^,800^T0^6-104^-0^jantigravity0^U-1^O0^P0^2-110^*1^.11^,1^(H^6-60^-300^jantigravity0^U-1^O0^P0^6-40^-300^jantigravity0^U-1^O0^P0"^e-47^*10^.14^,200^K1^J1"^e-67^*10^.14^,200^K2^J1^5-70^*6^.20^,360^A0^B0^Y0^g0^5-50^*6^.20^,360^A0^B0^Y0^g0^7^G1" a1="36|2|-1" a2="34|2|antigravity" a3="36|4|-1" a4="-1|0|0" a5="-1|0|0" a6="-1|0|0" a7="-1|0|0" a8="-1|0|0" a9="-1|0|0" a10="-1|0|0^7^G1" a1="36|1|-1" a2="34|1|antigravity" a3="36|3|-1" a4="-1|0|0" a5="-1|0|0" a6="-1|0|0" a7="-1|0|0" a8="-1|0|0" a9="-1|0|0" a10="-1|0|0^5-70^-^.20^,300^A0^B0^Y0^g0^5-50^-^.20^,300^A0^B0^Y0^g0"^d-60^-0^u0.2^t0"^d-40^-0^u0.2^t0^3-110^*50^.12^,60^T0" /><barrel x="-97^*20^jbar_red^A0^B0"^e-110^*13^.11^,140^K3^J1^5-110^*34^.11^,330^A0^B0^Y0^g0^7^G1" a1="36|5|-1" a2="34|0|antigravity" a3="-1|0|0" a4="-1|0|0" a5="-1|0|0" a6="-1|0|0" a7="-1|0|0" a8="-1|0|0" a9="-1|0|0" a10="-1|0|0" /><barrel x="-87^*20^jbar_red^A0^B0" /><barrel x="-109^*30^jbar_red^A0^B0" /><barrel x="-106^*30^jbar_red^A0^B0" /><barrel x="-103^*30^jbar_red^A0^B0" /><barrel x="-57^-280^jbar_red^A0^B0" /><barrel x="-54^-280^jbar_red^A0^B0" /><barrel x="-45^-280^jbar_red^A0^B0" /><barrel x="-36^-280^jbar_red^A0^B0^227^*21^.6^,180^x^y0^z0^h10^I"^e27^*37^.6^,180^K-1^J4^7^G1" a1="0|2|5" a2="-1|0|0" a3="-1|0|0" a4="-1|0|0" a5="-1|0|0" a6="-1|0|0" a7="-1|0|0" a8="-1|0|0" a9="-1|0|0" a10="-1|0|0"^e159^*19^.10^,200^K4^J1^2108^*30^.63^,50^x^y0^z0^h60^I" /><barrel x="112^*320^jbar_red^A0^B0" /><barrel x="119^*320^jbar_red^A0^B0" /><barrel x="131^*320^jbar_red^A0^B0" /><barrel x="127^*320^jbar_red^A0^B0" /><barrel x="141^*320^jbar_red^A0^B0" /><barrel x="146^*320^jbar_red^A0^B0" /><barrel x="148^*320^jbar_red^A0^B0" /><barrel x="144^*320^jbar_red^A0^B0" /><barrel x="134^*320^jbar_red^A0^B0" /><barrel x="123^*320^jbar_red^A0^B0" /><barrel x="116^*320^jbar_red^A0^B0" /><barrel x="114^*320^jbar_red^A0^B0" /><barrel x="138^*320^jbar_red^A0^B0" /><barrel x="136^*320^jbar_red^A0^B0" /><barrel x="151^*320^jbar_red^A0^B0"^e108^*29^.63^,50^K7^J5"^e130^*27^.20^,280^K5^J6^7^G1" a1="0|3|7" a2="-1|0|0" a3="-1|0|0" a4="-1|0|0" a5="-1|0|0" a6="-1|0|0" a7="-1|0|0" a8="-1|0|0" a9="-1|0|0" a10="-1|0|0^391^*46^.96^,110^T0"^d-40^*67^~d80^*410^u0.4^t1^375^*110^.175^,460^T0"^c33^-50^.52^,40^_80^*10^.10^,200^T0^6120^-0^jantigravity0^U-1^O0^P0^6150^-0^jantigravity0^U-1^O0^P0^6135^-0^jantigravity0^U-1^O0^P0^2114^*1^.12^,3^(H^2129^*1^.12^,3^(H^2144^*1^.12^,3^(H"^c206^*80^.44^,500^T0"^e120^*71^.130^,310^K6^J6^7^G1" a1="7|2|c35a" a2="-1|0|0" a3="-1|0|0" a4="-1|0|0" a5="-1|0|0" a6="-1|0|0" a7="-1|0|0" a8="-1|0|0" a9="-1|0|0" a10="-1|0|0^5162^*36^.9^,70^A-1^B0^Y0^g0^5164^*37^.8^,80^A-4^B0^Y0^g0^5166^*38^.7^,90^A-10^B0^Y0^g0" /><barrel x="-3^*370^jbar_red^A0^B0" /><barrel x="1^*370^jbar_red^A0^B0" /><barrel x="7^*370^jbar_red^A0^B0" /><barrel x="3^*370^jbar_red^A0^B0" /><barrel x="90^*420^jbar_red^A0^B0" /><barrel x="88^*420^jbar_red^A0^B0" /><barrel x="86^*420^jbar_red^A0^B0" /><barrel x="83^*420^jbar_red^A0^B0" /><barrel x="-112^*420^jbar_red^A0^B0" /><barrel x="-114^*420^jbar_red^A0^B0" /><barrel x="154^*320^jbar_red^A0^B0" /><barrel x="158^*320^jbar_red^A0^B0" /><barrel x="160^*320^jbar_red^A0^B0"^e169^*29^.63^,50^K-1^J5^7^G1" a1="0|3|10" a2="36|9|0.1" a3="-1|0|0" a4="-1|0|0" a5="-1|0|0" a6="-1|0|0" a7="-1|0|0" a8="-1|0|0" a9="-1|0|0" a10="-1|0|0^5109^*36^.53^,50^A0^B0^Y0^g0" />