<q.^f-67^*499^A0^B0^C100^D100^q0^r1^F3^E-1^k0^l-1"^c-180^*90^.340^,113^_-180^*50^.130^,40^_-180^*113^.130^,43^_-55^*150^.112^,77^_50^*50^.100^,40^_50^*150^.80^,80^_-180^!0^.330^,40^_100^*50^.140^,100^_-180^*20^.80^,400^T0" /><inf x="-67^*540^Zhero2_guns^;0"^d-30^*30^~d30^*300^u0.4^t1^3-33^*33^.2^,2^_-29^*33^.2^,2^_-29^*29^.2^,2^_-33^*29^.2^,2^_31^*33^.2^,2^_27^*33^.2^,2^_27^*29^.2^,2^_31^*29^.2^,2^_-60^-4^.5^,8^_-110^-6^.30^,14^_55^-4^.5^,8^_80^-6^.30^,14^_-20^-6^.40^,9^_-30^-8^.60^,70^T0"^d-49^*300^u0.05^t0"^d49^*300^u0.05^t0"^d30^-70^u0.02^t0"^d-30^-70^u0.02^t0"^d-30^*720^u0.02^t0"^d30^*720^u0.02^t0^3-80^*20^.10^,15^_70^*20^.10^,15^_-13^*13^.2^,3^_11^*13^.2^,3^_2^*14^.10^,2^_-12^*14^.10^,2^_-3^*13^.6^,20^T0"^d10^*11^~d-10^*11^~d-4^*11^~d4^*110^u0.4^t1^3-2^*12^.4^,2^_-10^*80^.20^,200^T0^670^*700^jray_ceil^U-1^O0^P0^670^*500^jray_floor^U-1^O0^P0"^d70^*690^u0.2^t0"^d70^*510^u0.2^t0^7^G1" a1="38|0|0" a2="34|1|null" a3="34|0|null" a4="25|0|0" a5="-1|0|0" a6="-1|0|0" a7="-1|0|0" a8="-1|0|0" a9="-1|0|0" a10="-1|0|0^568^*68^.4^,160^A0^B0^Y0^g-50000"^e-95^*7^.12^,140^K0^J1"^e^*43^.49^,20^K-1^J4^2-79^*129^.10^,17^(I^2-75^*130^.26^,5^(I^1-62^*1129^A0^B0^C400^D400^q1^r-1^F7^E-1^k3^l1^7^G20" a1="28|1|-1" a2="-1|0|0" a3="-1|0|0" a4="-1|0|0" a5="-1|0|0" a6="-1|0|0" a7="-1|0|0" a8="-1|0|0" a9="-1|0|0" a10="-1|0|0^a^G5^X1^W15^4-62^*1150^iraygun^s1^M2" /><vehicle x="117^*530^r1^jveh_crate^A0^B0" hpp="100" /><vehicle x="129^*530^r1^jveh_crate^A0^B0" hpp="100" /><vehicle x="135^*530^r1^jveh_crate^A0^B0" hpp="100" /><barrel x="-1^*150^jbar_red^A0^B0" /><barrel x="1^*150^jbar_red^A0^B0" /><barrel x="53^-80^jbar_red^A0^B0" /><barrel x="62^-80^jbar_red^A0^B0" /><barrel x="65^-80^jbar_red^A0^B0" /><barrel x="-53^-80^jbar_red^A0^B0" /><barrel x="-62^-80^jbar_red^A0^B0" /><barrel x="-65^-80^jbar_red^A0^B0" /><barrel x="-78^-80^jbar_red^A0^B0" /><barrel x="-98^-40^jbar_red^A0^B0" /><barrel x="78^-80^jbar_red^A0^B0" /><barrel x="98^-40^jbar_red^A0^B0^3150^*150^.90^,120^_128^*150^.5^,900^T0^5-180^*80^.110^,410^A10^B0^Y-100^g0"^c120^*150^.40^,600^T0"^e119^*150^.44^,400^K2^J6^7^G1" a1="7|2|c36a" a2="-1|0|0" a3="-1|0|0" a4="-1|0|0" a5="-1|0|0" a6="-1|0|0" a7="-1|0|0" a8="-1|0|0" a9="-1|0|0" a10="-1|0|0"^e-19^*8^.38^,170^K3^J6^7^G-1" a1="43|You know, swords can make you jump higher.|0" a2="-1|0|0" a3="-1|0|0" a4="-1|0|0" a5="-1|0|0" a6="-1|0|0" a7="-1|0|0" a8="-1|0|0" a9="-1|0|0" a10="-1|0|0"^e-40^*27^.11^,420^K4^J6"^e-37^*37^.72^,130^K4^J6"^e29^*28^.14^,440^K4^J6^7^G-1" a1="43|0|0" a2="-1|0|0" a3="-1|0|0" a4="-1|0|0" a5="-1|0|0" a6="-1|0|0" a7="-1|0|0" a8="-1|0|0" a9="-1|0|0" a10="-1|0|0^3-4^*1^.7^,11^_-30^*10^.4^,4^_26^*10^.4^,40^T0" /><inf x="-21^*170^Zmeat^;0" />