<q.^f-47^*259^A0^B0^C400^D400^q1^r1^F9^E-1^k0^l-1^3-180^-^.148^,700^T0"^c-185^*100^.330^,1120^T1^3-8^*26^.46^,5^_-6^*30^.6^,19^_-40^*30^.6^,19^_-78^*26^.46^,5^_-96^*50^.46^,8^_10^*50^.46^,8^_60^*20^.10^,10^_-110^*20^.10^,10^_-170^*30^.40^,40^_90^*30^.40^,40^_-90^*5^.10^,10^_40^*5^.10^,10^_10^*5^.10^,10^_-60^*5^.10^,10^_-70^*24^.10^,8^_20^*24^.10^,8^_80^*20^.20^,10^_-140^*20^.20^,10^_-240^*180^.80^,2500^T2^3120^*180^.120^,1350^T2"^d-150^*1100^u1^t0"^d-120^*1100^u1^t0"^d-90^*1100^u1^t0"^d-60^*1100^u1^t0"^d-30^*1100^u1^t0"^d^*1100^u1^t0"^d30^*1100^u1^t0"^d60^*1100^u1^t0"^d90^*1100^u1^t0"^d119^*1100^u1^t0" /><barrel x="-43^*280" uid="#barrel^jbar_orange^A0^B0" /><barrel x="-33^*280" uid="#barrel^jbar_orange^A0^B0" /><barrel x="-7^*280" uid="#barrel^jbar_orange^A0^B0" /><barrel x="3^*280" uid="#barrel^jbar_orange^A0^B0" /><barrel x="-33^*20" uid="#barrel^jbar_orange^A0^B0" /><barrel x="-7^*20" uid="#barrel^jbar_orange^A0^B0" /><barrel x="22^*20" uid="#barrel^jbar_orange^A0^B0" /><barrel x="-62^*20" uid="#barrel^jbar_orange^A0^B0" /><barrel x="-122^*20" uid="#barrel^jbar_orange^A0^B0" /><barrel x="82^*20" uid="#barrel^jbar_orange^A0^B0" /><barrel x="88^*220" uid="#barrel^jbar_orange^A0^B0" /><barrel x="-129^*220" uid="#barrel^jbar_orange^A0^B0" /><barrel x="-150^*320" uid="#barrel^jbar_orange^A0^B0" /><barrel x="110^*320" uid="#barrel^jbar_orange^A0^B0"^e-49^*66^.13^,50" uid="#region^K-1^J4"^e-150^*79^.260^,70" uid="#region^K-1^J4^2-257^*20^.19^,90" uid="#door^x^y0^z0^h1^I^2-257^*36^.6^,200" uid="#door^x^y0^z0^h1^I^2-256^*36^.25^,50" uid="#door^x^y0^z0^h1^I^a^G10^X0^W30^7^G-1" a1="28|1|-1" a2="-1|0|0" a3="-1|0|0" a4="-1|0|0" a5="-1|0|0" a6="-1|0|0" a7="-1|0|0" a8="-1|0|0" a9="-1|0|0" a10="-1|0|0^1-241^*199" uid="#playerasds2^A0^B0^C100^D100^q2^r1^F12^E-1^k3^l0^2-32^*19^.24^,40" uid="#doorsadf^x^y0^z0^h4^I^9^G1^X1^W0^7^G-1" a1="0|3|2" a2="26|3|0" a3="-1|0|0" a4="-1|0|0" a5="-1|0|0" a6="-1|0|0" a7="-1|0|0" a8="-1|0|0" a9="-1|0|0" a10="-1|0|0"^e-32^*26^.24^,40" uid="#region_356^K3^J5^7^G-1" a1="26|2|0" a2="0|3|3" a3="-1|0|0" a4="-1|0|0" a5="-1|0|0" a6="-1|0|0" a7="-1|0|0" a8="-1|0|0" a9="-1|0|0" a10="-1|0|0^7^G-1" a1="25|2|0" a2="-1|0|0" a3="-1|0|0" a4="-1|0|0" a5="-1|0|0" a6="-1|0|0" a7="-1|0|0" a8="-1|0|0" a9="-1|0|0" a10="-1|0|0^a^G-1^X2^W30"^e-32^*1^.24^,40" uid="#region_360^K4^J5^7^G-1" a1="25|3|0" a2="-1|0|0" a3="-1|0|0" a4="-1|0|0" a5="-1|0|0" a6="-1|0|0" a7="-1|0|0" a8="-1|0|0" a9="-1|0|0" a10="-1|0|0^a^G-1^X1^W30^3-8^-^.148^,70^_-60^-3^.78^,670^T0" /><inf x="-47^*560" uid="#engine_mark^Zmeat^;0^3-60^*44^.15^,4^_5^*44^.15^,4^_-110^*44^.20^,4^_50^*44^.20^,40^T0^9^G1^X5^W1^7^G1" a1="-1|0|0" a2="25|0|0" a3="-1|0|0" a4="-1|0|0" a5="-1|0|0" a6="-1|0|0" a7="-1|0|0" a8="-1|0|0" a9="-1|0|0" a10="-1|0|0^5-32^!^.24^,40" uid="#pusher_374^A0^B0^Y0^g0^4-47^*290" uid="#gun_378^irailgun2^s1^M3"^d-50^*20^~d10^*20^~d-75^*41^~d35^*410^u0.4^t1" /><inf x="-47^*520" uid="#engine_mark^Zsky^;3^+-130^*10^.220^,50" uid="#water^g0^+50^*5^.40^,50" uid="#water^g0^+20^*5^.20^,50" uid="#water^g0^+-50^*5^.60^,50" uid="#water^g0^+-32^-^.24^,30" uid="#water^g0^+-130^*5^.40^,50" uid="#water^g0^+-80^*5^.20^,50" uid="#water^g0^+-120^*15^.10^,50" uid="#water^g0^+-100^*15^.60^,50" uid="#water^g0^+^*15^.60^,50" uid="#water^g0^+-40^*11^.40^,10" uid="#water^g0^+-34^*15^.28^,40" uid="#water^g0^+70^*15^.10^,50" uid="#water^g0^3120^*32^.120^,1020^T0"^c124^*50^.116^,280^T0"^c127^*45^.24^,130^T4^2127^*45^.4^,130" uid="#door1^x^y0^z0^h1^I^2132^*45^.4^,130" uid="#door2^x^y0^z0^h1^I^2137^*45^.4^,130" uid="#door3^x^y0^z0^h1^I^2142^*45^.4^,130" uid="#door4^x^y0^z0^h1^I^2147^*45^.4^,130" uid="#door5^x^y0^z0^h1^I"^e127^*57^.4^,130" uid="#region1^K-1^J4"^e132^*57^.4^,130" uid="#region2^K-1^J4"^e137^*57^.4^,130" uid="#region3^K-1^J4"^e142^*57^.4^,130" uid="#region4^K-1^J4"^e147^*57^.4^,130" uid="#region5^K-1^J4"^e155^*56^.41^,390" uid="#region_507^K6^J6^7^G1" a1="7|c0a|0" a2="-1|0|0" a3="-1|0|0" a4="-1|0|0" a5="-1|0|0" a6="-1|0|0" a7="-1|0|0" a8="-1|0|0" a9="-1|0|0" a10="-1|0|0^7^G1" a1="0|4|4" a2="-1|0|0" a3="-1|0|0" a4="-1|0|0" a5="-1|0|0" a6="-1|0|0" a7="-1|0|0" a8="-1|0|0" a9="-1|0|0" a10="-1|0|0^7^G1" a1="0|5|5" a2="-1|0|0" a3="-1|0|0" a4="-1|0|0" a5="-1|0|0" a6="-1|0|0" a7="-1|0|0" a8="-1|0|0" a9="-1|0|0" a10="-1|0|0^7^G1" a1="0|6|6" a2="-1|0|0" a3="-1|0|0" a4="-1|0|0" a5="-1|0|0" a6="-1|0|0" a7="-1|0|0" a8="-1|0|0" a9="-1|0|0" a10="-1|0|0^7^G1" a1="0|7|7" a2="-1|0|0" a3="-1|0|0" a4="-1|0|0" a5="-1|0|0" a6="-1|0|0" a7="-1|0|0" a8="-1|0|0" a9="-1|0|0" a10="-1|0|0^7^G1" a1="0|8|8" a2="-1|0|0" a3="-1|0|0" a4="-1|0|0" a5="-1|0|0" a6="-1|0|0" a7="-1|0|0" a8="-1|0|0" a9="-1|0|0" a10="-1|0|0"^e81^*11^.8^,120" uid="#region_514^K7^J1"^e21^*37^.8^,120" uid="#region_514^K8^J1"^e-69^*37^.8^,120" uid="#tr^K10^J1"^e-129^*11^.8^,120" uid="#region_514^K11^J1"^e-30^*73^.20^,120" uid="#region_514^K9^J1^5-160^*180^.280^,300" uid="#pusher_121^A0^B5^Y0^g0" />